row_type,module_title,module_description,lesson_title,lesson_body,question_text,question_type,option_a,option_b,option_c,option_d,option_e,option_f,correct_answers,explanation,difficulty,tags,acceptable_answers,match_mode,correct_order,matching_left,matching_right,callout_style,callout_title,embed_type,url,caption,alt,mermaid,video_url
structure,Cloud Architecture & Design,"The AWS Well-Architected Framework, high availability patterns, disaster recovery strategies, and decoupled microservices architectures.",,,,,,,,,,,,,,,,,,,,,,,,,,,
structure,Cloud Architecture & Design,,Well-Architected Framework,,,,,,,,,,,,,,,,,,,,,,,,,,
content,Cloud Architecture & Design,,Well-Architected Framework,"## AWS Well-Architected Framework\n\nThe Well-Architected Framework provides a consistent approach for evaluating architectures against best practices. It has **six pillars:**\n\n1. **Operational Excellence** — Run and monitor systems to deliver business value and continuously improve processes. Key practices: infrastructure as code, frequent small reversible changes, anticipate failure.\n\n2. **Security** — Protect data, systems, and assets. Key practices: implement strong identity foundation, enable traceability, apply security at all layers, automate security best practices.\n\n3. **Reliability** — Ensure a system performs its intended function correctly and consistently. Key practices: automatically recover from failure, test recovery procedures, scale horizontally.\n\n4. **Performance Efficiency** — Use computing resources efficiently as demand changes and technologies evolve. Key practices: democratize advanced technologies, go global in minutes, use serverless architectures.\n\n5. **Cost Optimization** — Run systems at the lowest price point. Key practices: adopt a consumption model, measure overall efficiency, stop spending on undifferentiated heavy lifting.\n\n6. **Sustainability** — Minimize environmental impacts of running cloud workloads. Key practices: understand your impact, establish sustainability goals, maximize utilization.\n\nThe framework is used through the **AWS Well-Architected Tool** in the console, which generates improvement plans.",,,,,,,,,,,,,,,,,,,,,,,,,
embed,Cloud Architecture & Design,,Well-Architected Framework,,,,,,,,,,,,,,,,,,,,,diagram,,,,"graph TD\n  WA[""Well-Architected Framework""] --> OE[""Operational Excellence""]\n  WA --> S[""Security""]\n  WA --> R[""Reliability""]\n  WA --> PE[""Performance Efficiency""]\n  WA --> CO[""Cost Optimization""]\n  WA --> SU[""Sustainability""]\n  OE --> OE1[""IaC, automation, observability""]\n  S --> S1[""IAM, encryption, traceability""]\n  R --> R1[""Auto-recovery, horizontal scaling""]\n  PE --> PE1[""Serverless, caching, CDN""]\n  CO --> CO1[""Right-sizing, reserved pricing""]\n  SU --> SU1[""Maximize utilization, reduce waste""]",
question,Cloud Architecture & Design,,Well-Architected Framework,,Match each Well-Architected pillar to its primary concern:,matching,,,,,,,,Each pillar addresses a distinct concern. Operational Excellence focuses on operations and improvement. Reliability ensures the system works despite failures. Performance Efficiency ensures resources are used well. Cost Optimization ensures you're not overspending.,2,Well-Architected Framework,,,,Operational Excellence|Reliability|Performance Efficiency|Cost Optimization,Running and monitoring systems to deliver business value|Ensuring consistent correct functioning and recovery from failure|Using compute resources efficiently as demand changes|Avoiding unnecessary expenditure and maximizing ROI,,,,,,,,
question,Cloud Architecture & Design,,Well-Architected Framework,,How many pillars does the AWS Well-Architected Framework have?,multiple_choice,4,5,6,7,,,c,"The framework has six pillars: Operational Excellence, Security, Reliability, Performance Efficiency, Cost Optimization, and Sustainability. Sustainability was added as the sixth pillar in late 2021.",1,Well-Architected Framework,,,,,,,,,,,,,
structure,Cloud Architecture & Design,,High Availability & Fault Tolerance,,,,,,,,,,,,,,,,,,,,,,,,,,
content,Cloud Architecture & Design,,High Availability & Fault Tolerance,"## High Availability & Fault Tolerance\n\n**High Availability (HA):** System remains operational with minimal downtime, typically expressed as a percentage (e.g., 99.99% = ~52 minutes downtime/year).\n\n**Fault Tolerance:** System continues operating correctly even when components fail.\n\n### Key AWS Patterns\n\n**Multi-AZ deployment:** Distribute resources across Availability Zones within a region. Each AZ is one or more physically separate data centers with independent power, cooling, and networking.\n\n**Multi-Region deployment:** For global applications or disaster recovery — deploy across AWS regions (e.g., us-east-1 and eu-west-1).\n\n**Core HA services:**\n- **Elastic Load Balancer (ELB):** Distributes traffic across healthy targets in multiple AZs\n- **Auto Scaling Groups (ASG):** Automatically add/remove EC2 instances based on demand\n- **RDS Multi-AZ:** Synchronous standby replica in a different AZ for automatic failover\n- **S3:** Automatically replicates data across ≥3 AZs (99.999999999% durability)\n- **Route 53:** DNS-level health checks and failover routing\n\n**Design principle:** Assume everything fails. Design so that the failure of any single component doesn't bring down the system.",,,,,,,,,,,,,,,,,,,,,,,,,
embed,Cloud Architecture & Design,,High Availability & Fault Tolerance,,,,,,,,,,,,,,,,,,,,,diagram,,,,"graph TD\n  U[""Users""] --> R53[""Route 53""]\n  R53 --> ALB[""Application Load Balancer""]\n  subgraph ""Region: us-east-1""\n    ALB --> AZ1\n    ALB --> AZ2\n    subgraph AZ1[""AZ-1a""]\n      EC2A[""EC2 Instance""]\n      RDSP[""RDS Primary""]\n    end\n    subgraph AZ2[""AZ-1b""]\n      EC2B[""EC2 Instance""]\n      RDSS[""RDS Standby""]\n    end\n    RDSP <-->|""Sync replication""| RDSS\n  end",
callout,Cloud Architecture & Design,,High Availability & Fault Tolerance,"The exam frequently tests the difference:\n- **Multi-AZ** = high availability and automatic failover (synchronous replication, standby is NOT readable)\n- **Read Replicas** = read scalability (asynchronous replication, replica IS readable, no automatic failover to replica)\n\nIf the question asks for **HA/failover** → Multi-AZ. If it asks for **read performance** → Read Replicas. You can use both together.",,,,,,,,,,,,,,,,,,exam_note,Exam Pattern: Multi-AZ vs Read Replicas,,,,,,
question,Cloud Architecture & Design,,High Availability & Fault Tolerance,,A company needs their web application to survive the failure of an entire Availability Zone with minimal downtime. Which architecture achieves this? (Select TWO),multiple_select,Deploy EC2 instances in an Auto Scaling Group across multiple AZs behind an ALB,Deploy a single large EC2 instance in one AZ with frequent EBS snapshots,Use RDS Multi-AZ deployment for the database,Store all data on instance store volumes for maximum I/O,,,"a,c",Multi-AZ ASG with ALB (a) ensures web tier survives AZ failure — the ALB routes traffic to healthy instances in surviving AZs. RDS Multi-AZ (c) provides automatic database failover. A single instance (b) is a single point of failure. Instance store data (d) is lost when the instance stops.,3,high availability;Multi-AZ,,,,,,,,,,,,,
question,Cloud Architecture & Design,,High Availability & Fault Tolerance,,99.99% availability allows approximately how many minutes of downtime per year?,multiple_choice,5.26 minutes,52.6 minutes,525.6 minutes,8.76 hours,,,b,"365.25 days × 24 hours × 60 minutes = 525,960 minutes/year. 0.01% of that = 52.6 minutes. This is often called ""four nines"" availability.",2,high availability;SLA,,,,,,,,,,,,,
structure,Cloud Architecture & Design,,Disaster Recovery Strategies,,,,,,,,,,,,,,,,,,,,,,,,,,
content,Cloud Architecture & Design,,Disaster Recovery Strategies,"## Disaster Recovery (DR) Strategies\n\nAWS defines four DR strategies, ordered by **cost** and **RTO/RPO:**\n\n- **RTO** (Recovery Time Objective): Maximum acceptable downtime\n- **RPO** (Recovery Point Objective): Maximum acceptable data loss\n\n### 1. Backup & Restore\n- Regularly back up data to S3/Glacier\n- Restore infrastructure from backups when disaster strikes\n- **RTO:** Hours | **RPO:** Hours | **Cost:** Lowest\n\n### 2. Pilot Light\n- Core infrastructure (database) kept running at minimum capacity in DR region\n- Other resources (web/app servers) provisioned only during failover\n- **RTO:** 10s of minutes | **RPO:** Minutes | **Cost:** Low\n\n### 3. Warm Standby\n- Scaled-down but fully functional copy of production in DR region\n- Scale up during failover\n- **RTO:** Minutes | **RPO:** Seconds | **Cost:** Medium\n\n### 4. Multi-Site Active/Active\n- Full production capacity in both regions simultaneously\n- Traffic split between regions; instant failover\n- **RTO:** Near-zero | **RPO:** Near-zero | **Cost:** Highest",,,,,,,,,,,,,,,,,,,,,,,,,
callout,Cloud Architecture & Design,,Disaster Recovery Strategies,"The exam often asks: ""A company needs RTO of X and RPO of Y. Which DR strategy should they use?"" **Always pick the cheapest option that meets the requirements.** If RTO of hours is acceptable → Backup & Restore. If minutes → Warm Standby. If near-zero → Multi-Site.",,,,,,,,,,,,,,,,,,exam_note,DR Questions Pattern,,,,,,
question,Cloud Architecture & Design,,Disaster Recovery Strategies,,Order these DR strategies from LONGEST RTO (slowest recovery) to SHORTEST RTO (fastest recovery):,ordering,Multi-Site Active/Active,Backup & Restore,Warm Standby,Pilot Light,,,,"Backup & Restore has the longest RTO (hours — must rebuild everything). Pilot Light is faster (minutes — core is running, scale up the rest). Warm Standby is faster still (minutes — just scale up). Multi-Site Active/Active is near-instant (already fully running).",3,disaster recovery;RTO,,,"b,d,c,a",,,,,,,,,,
question,Cloud Architecture & Design,,Disaster Recovery Strategies,,Match each DR strategy to its description:,matching,,,,,,,,"Think of it as a spectrum from cold to hot: Backup & Restore is cold (nothing running), Pilot Light has minimal resources running, Warm Standby is a smaller version of production, and Multi-Site is a full hot standby.",2,disaster recovery,,,,Pilot Light|Warm Standby|Multi-Site|Backup & Restore,"Core DB running, other resources provisioned on demand|Scaled-down but fully functional copy in DR region|Full production in both regions with traffic splitting|Data backed up to S3, infrastructure rebuilt on demand",,,,,,,,
question,Cloud Architecture & Design,,Disaster Recovery Strategies,,A company requires an RTO of 1 hour and wants to minimize costs. Which DR strategy is most appropriate?,multiple_choice,Backup & Restore,Pilot Light,Warm Standby,Multi-Site Active/Active,,,b,Pilot Light meets the 1-hour RTO (recovery in tens of minutes) and is cheaper than Warm Standby or Multi-Site. Backup & Restore typically takes hours and might not meet a 1-hour RTO reliably.,3,disaster recovery;cost optimization,,,,,,,,,,,,,
structure,Cloud Architecture & Design,,Decoupling & Microservices,,,,,,,,,,,,,,,,,,,,,,,,,,
content,Cloud Architecture & Design,,Decoupling & Microservices,"## Decoupling with AWS Messaging Services\n\nTightly coupled systems fail together. **Decoupling** means components communicate through intermediaries rather than directly, improving resilience and scalability.\n\n### Amazon SQS (Simple Queue Service)\n- Fully managed **message queue**\n- **Standard queues:** At-least-once delivery, best-effort ordering, nearly unlimited throughput\n- **FIFO queues:** Exactly-once processing, strict ordering, 3,000 msg/s (with batching)\n- Messages persist up to 14 days\n- **Visibility timeout:** prevents other consumers from processing a message while one consumer is working on it\n- **Dead-letter queue (DLQ):** captures messages that fail processing after max retries\n\n### Amazon SNS (Simple Notification Service)\n- **Pub/sub** messaging: one message published to a topic is delivered to all subscribers\n- Subscribers can be: SQS queues, Lambda functions, HTTP endpoints, email, SMS\n- Use case: fan-out pattern — one event triggers multiple downstream processes\n\n### Amazon EventBridge\n- **Event bus** for event-driven architectures\n- Rules route events to targets based on patterns\n- Integrates with 200+ AWS services and SaaS applications\n\n### Common Pattern: SNS + SQS Fan-Out\nPublish to SNS topic → multiple SQS queues subscribe → each queue feeds an independent processor. This decouples producers from consumers and allows independent scaling.",,,,,,,,,,,,,,,,,,,,,,,,,
embed,Cloud Architecture & Design,,Decoupling & Microservices,,,,,,,,,,,,,,,,,,,,,diagram,,,,"graph LR\n  P[""Producer""] --> SNS[""SNS Topic""]\n  SNS --> Q1[""SQS Queue 1<br>Order Processing""]\n  SNS --> Q2[""SQS Queue 2<br>Analytics""]\n  SNS --> Q3[""SQS Queue 3<br>Notifications""]\n  Q1 --> C1[""Consumer 1""]\n  Q2 --> C2[""Consumer 2""]\n  Q3 --> C3[""Consumer 3""]",
question,Cloud Architecture & Design,,Decoupling & Microservices,,"A company processes orders and needs to send each order to three separate microservices (billing, shipping, and analytics) simultaneously. Which architecture is most appropriate?",multiple_choice,"Three separate SQS queues, each polled by the order service directly",SNS topic with three SQS queue subscriptions (fan-out pattern),Single SQS FIFO queue with three consumers,Direct API calls from the order service to each microservice,,,b,"SNS fan-out to SQS queues is the ideal pattern: the order service publishes once to SNS, and all three SQS queues receive a copy. Each microservice processes independently from its own queue. This is fully decoupled and scales independently.",3,SQS;SNS;decoupling;fan-out,,,,,,,,,,,,,
question,Cloud Architecture & Design,,Decoupling & Microservices,,Which SQS queue type guarantees exactly-once message processing and strict message ordering?,fill_blank,,,,,,,,"SQS FIFO (First-In-First-Out) queues guarantee exactly-once processing and preserve the order messages are sent. Standard queues offer at-least-once delivery and best-effort ordering. FIFO queues have lower throughput (3,000 msg/s with batching vs. nearly unlimited for standard).",2,SQS;FIFO,FIFO|fifo|SQS FIFO|FIFO queue,contains,,,,,,,,,,,
structure,Compute & Networking,"EC2 instance types and pricing, Lambda serverless compute, VPC networking deep dive, and load balancing with Route 53.",,,,,,,,,,,,,,,,,,,,,,,,,,,
structure,Compute & Networking,,EC2 Instance Types & Pricing,,,,,,,,,,,,,,,,,,,,,,,,,,
content,Compute & Networking,,EC2 Instance Types & Pricing,"## EC2 Instance Types\n\nEC2 instances are grouped into **families** optimized for different workloads:\n\n| Family | Prefix | Optimized For | Example Use Case |\n|--------|--------|--------------|------------------|\n| General Purpose | M, T | Balanced compute/memory/network | Web servers, small DBs |\n| Compute Optimized | C | High-performance processors | Batch processing, ML inference |\n| Memory Optimized | R, X, z | Large in-memory datasets | In-memory caches, real-time analytics |\n| Storage Optimized | I, D, H | High sequential read/write | Data warehousing, distributed file systems |\n| Accelerated Computing | P, G, Inf | GPU/custom hardware | ML training, video encoding |\n\n## Pricing Models\n\n- **On-Demand:** Pay per second, no commitment. Best for unpredictable or short-term workloads.\n- **Reserved Instances (RI):** 1 or 3-year commitment, up to 72% discount. Best for steady-state workloads.\n- **Savings Plans:** Commit to $/hour for 1 or 3 years, flexible across instance types. Similar discounts to RIs.\n- **Spot Instances:** Up to 90% discount, but AWS can reclaim with 2-minute notice. Best for fault-tolerant batch jobs.\n- **Dedicated Hosts:** Physical server dedicated to you. For licensing or compliance requirements.\n\n**T instances** use a CPU credit system: baseline performance with burst capability. When credits are exhausted, performance is throttled (T2) or charged extra (T3 Unlimited).",,,,,,,,,,,,,,,,,,,,,,,,,
question,Compute & Networking,,EC2 Instance Types & Pricing,,Match each EC2 instance family to its ideal use case:,matching,,,,,,,,C-family has the highest CPU-to-memory ratio for compute-heavy tasks. R-family provides large amounts of RAM. I-family provides high IOPS storage. T-family is cost-effective for variable workloads that don't need sustained high CPU.,2,EC2;instance types,,,,"C-family (Compute Optimized)|R-family (Memory Optimized)|I-family (Storage Optimized)|T-family (General Purpose, burstable)",Batch processing and scientific modeling|In-memory databases like Redis or Memcached|High-frequency OLTP and data warehousing|Development environments and small web servers,,,,,,,,
question,Compute & Networking,,EC2 Instance Types & Pricing,,A company runs a batch processing job nightly that can be interrupted and restarted without data loss. Which pricing model provides the highest savings?,multiple_choice,On-Demand Instances,Reserved Instances (1-year),Spot Instances,Dedicated Hosts,,,c,"Spot Instances offer up to 90% discount and are ideal for fault-tolerant, interruptible workloads like batch processing. The job can handle the 2-minute interruption notice because it can be restarted.",2,EC2;Spot Instances;pricing,,,,,,,,,,,,,
callout,Compute & Networking,,EC2 Instance Types & Pricing,"- ""Steady-state, predictable"" → **Reserved Instances** or **Savings Plans**\n- ""Can be interrupted, fault-tolerant"" → **Spot Instances**\n- ""Short-term, spiky, unpredictable"" → **On-Demand**\n- ""Licensing compliance, dedicated hardware"" → **Dedicated Hosts**\n- ""Lowest cost for compute"" → almost always **Spot**",,,,,,,,,,,,,,,,,,exam_note,Exam Tip: Pricing Keyword Matching,,,,,,
structure,Compute & Networking,,Lambda & Serverless,,,,,,,,,,,,,,,,,,,,,,,,,,
content,Compute & Networking,,Lambda & Serverless,"## AWS Lambda & Serverless Architecture\n\n**AWS Lambda** runs code without provisioning servers. You pay only for compute time consumed — no charge when code isn't running.\n\n**Key characteristics:**\n- **Triggers:** API Gateway, S3 events, SQS, DynamoDB Streams, CloudWatch Events, SNS, Kinesis, and more\n- **Timeout:** Maximum 15 minutes per invocation\n- **Memory:** 128 MB to 10,240 MB (CPU scales proportionally)\n- **Concurrency:** Default 1,000 concurrent executions per region (can request increase)\n- **Deployment package:** 50 MB zipped, 250 MB unzipped (or use container images up to 10 GB)\n- **Pricing:** Per request ($0.20/million) + per GB-second of compute\n\n**When to use Lambda:**\n- Event-driven processing (S3 uploads, API requests, queue messages)\n- Short-duration tasks (< 15 minutes)\n- Variable/unpredictable traffic (scales to zero when idle)\n- Microservice backends behind API Gateway\n\n**When NOT to use Lambda:**\n- Long-running processes (> 15 min) → use ECS/Fargate or EC2\n- High-performance computing with GPU → use EC2 P/G instances\n- Workloads needing persistent local state → use EC2 or containers\n\n**Other serverless services:** API Gateway, DynamoDB, S3, Step Functions, EventBridge, Fargate (serverless containers).",,,,,,,,,,,,,,,,,,,,,,,,,
embed,Compute & Networking,,Lambda & Serverless,,,,,,,,,,,,,,,,,,,,,diagram,,,,"graph LR\n  API[""API Gateway""] --> L1[""Lambda Function""]\n  S3[""S3 Bucket<br>Object Created""] --> L2[""Lambda Function""]\n  SQS[""SQS Queue""] --> L3[""Lambda Function""]\n  L1 --> DDB[""DynamoDB""]\n  L2 --> DDB\n  L3 --> SNS[""SNS Notification""]",
question,Compute & Networking,,Lambda & Serverless,,"A company needs to process images uploaded to S3, resize them, and store the results. The workload is unpredictable — sometimes 0 images per hour, sometimes 10,000. Which solution is most cost-effective?",multiple_choice,EC2 Auto Scaling Group polling S3 for new objects,Lambda triggered by S3 PutObject events,ECS Fargate service running continuously,EC2 Reserved Instance running an image processing daemon,,,b,"Lambda triggered by S3 events is ideal: it scales to zero when no images are uploaded (zero cost), scales up automatically for bursts, and image resizing is well within the 15-minute Lambda timeout. No servers to manage.",2,Lambda;serverless;S3,,,,,,,,,,,,,
question,Compute & Networking,,Lambda & Serverless,,The maximum execution timeout for a single AWS Lambda invocation is 15 minutes.,true_false,True,False,,,,,a,"True. AWS Lambda has a maximum timeout of 900 seconds (15 minutes). If your function needs to run longer, consider AWS Step Functions to orchestrate multiple Lambda invocations, or use ECS/Fargate for long-running tasks.",1,Lambda;limits,,,,,,,,,,,,,
callout,Compute & Networking,,Lambda & Serverless,"- **""Event-driven"" + ""cost-effective"" + ""variable traffic""** → Lambda\n- **""Process takes 30 minutes""** → NOT Lambda (15 min limit) → use ECS/Fargate or Step Functions\n- **""Scale to zero""** → Lambda or Fargate (Lambda is cheaper at low volume)\n- **""Synchronous API""** → API Gateway + Lambda\n- **""Asynchronous processing""** → SQS + Lambda",,,,,,,,,,,,,,,,,,exam_note,Lambda Exam Patterns,,,,,,
structure,Compute & Networking,,VPC Deep Dive,,,,,,,,,,,,,,,,,,,,,,,,,,
content,Compute & Networking,,VPC Deep Dive,"## Amazon VPC (Virtual Private Cloud)\n\nA **VPC** is your isolated network environment in AWS. You control IP ranges, subnets, routing, and network gateways.\n\n### Key Components\n\n**Subnets:** Segments of a VPC's IP range, each in one AZ.\n- **Public subnet:** Has a route to an Internet Gateway (IGW) — instances can have public IPs\n- **Private subnet:** No direct internet route — instances are shielded from the internet\n\n**Route Tables:** Control where network traffic is directed. Each subnet is associated with one route table.\n\n**Internet Gateway (IGW):** Enables communication between VPC resources and the internet (for public subnets).\n\n**NAT Gateway:** Allows private subnet instances to access the internet (for updates, patches) without accepting inbound connections. Deployed in a public subnet.\n\n**Security Groups:** Stateful firewalls at the instance level. Allow rules only (no deny). Return traffic automatically allowed.\n\n**Network ACLs (NACLs):** Stateless firewalls at the subnet level. Support both allow and deny rules. Must explicitly allow return traffic.\n\n**VPC Peering:** Private connection between two VPCs. Non-transitive (A↔B and B↔C does NOT mean A↔C).\n\n**VPC Endpoints:** Private connections to AWS services without using the internet. Gateway endpoints (S3, DynamoDB) and Interface endpoints (most other services).",,,,,,,,,,,,,,,,,,,,,,,,,
embed,Compute & Networking,,VPC Deep Dive,,,,,,,,,,,,,,,,,,,,,diagram,,,,"graph TD\n  Internet[""Internet""] <--> IGW[""Internet Gateway""]\n  subgraph VPC[""VPC 10.0.0.0/16""]\n    subgraph PubSub[""Public Subnet 10.0.1.0/24""]\n      ALB2[""ALB""]\n      NAT[""NAT Gateway""]\n    end\n    subgraph PrivSub[""Private Subnet 10.0.2.0/24""]\n      App[""App Server""]\n      DB[""RDS Database""]\n    end\n  end\n  IGW <--> ALB2\n  IGW <--> NAT\n  NAT --> App\n  ALB2 --> App",
question,Compute & Networking,,VPC Deep Dive,,Put the steps for setting up a basic VPC with public and private subnets in the correct order:,ordering,"Create the VPC with a CIDR block (e.g., 10.0.0.0/16)",Create public and private subnets in different AZs,Create and attach an Internet Gateway to the VPC,Create a NAT Gateway in the public subnet for private subnet internet access,"Configure route tables: public subnet routes 0.0.0.0/0 to IGW, private subnet routes 0.0.0.0/0 to NAT Gateway",,,"VPC first (a), then subnets within it (b), then the internet gateway (c), then the NAT gateway in the public subnet (d), and finally route tables connecting everything (e).",3,VPC;networking,,,"a,b,c,d,e",,,,,,,,,,
question,Compute & Networking,,VPC Deep Dive,,What is the key difference between Security Groups and Network ACLs?,multiple_choice,Security Groups are stateless; NACLs are stateful,Security Groups are stateful; NACLs are stateless,Security Groups operate at the subnet level; NACLs at the instance level,There is no difference — they are interchangeable,,,b,Security Groups are **stateful** (return traffic automatically allowed) and operate at the instance level. NACLs are **stateless** (return traffic must be explicitly allowed) and operate at the subnet level. Security Groups only have allow rules; NACLs have both allow and deny.,2,VPC;Security Groups;NACLs,,,,,,,,,,,,,
structure,Compute & Networking,,Load Balancing & Route 53,,,,,,,,,,,,,,,,,,,,,,,,,,
content,Compute & Networking,,Load Balancing & Route 53,"## Elastic Load Balancing (ELB)\n\nAWS provides three types of load balancers:\n\n**Application Load Balancer (ALB)** — Layer 7 (HTTP/HTTPS)\n- Path-based and host-based routing\n- WebSocket and HTTP/2 support\n- Can route to Lambda functions\n- Best for: web applications, microservices, containers\n\n**Network Load Balancer (NLB)** — Layer 4 (TCP/UDP/TLS)\n- Ultra-low latency (~100ms vs ~400ms for ALB)\n- Handles millions of requests per second\n- Static IP per AZ (or Elastic IP)\n- Best for: gaming, IoT, real-time streaming, TCP-based services\n\n**Gateway Load Balancer (GWLB)** — Layer 3 (IP)\n- For deploying third-party virtual appliances (firewalls, intrusion detection)\n- Transparent to the application\n\n## Amazon Route 53\n\nDNS web service with routing policies:\n- **Simple:** Single resource\n- **Weighted:** Distribute traffic by percentage\n- **Latency-based:** Route to lowest-latency region\n- **Failover:** Active-passive with health checks\n- **Geolocation:** Route based on user location\n- **Geoproximity:** Route based on geographic distance with bias\n- **Multivalue answer:** Return multiple healthy records",,,,,,,,,,,,,,,,,,,,,,,,,
question,Compute & Networking,,Load Balancing & Route 53,,Match each load balancer type to its best use case:,matching,,,,,,,,ALB operates at Layer 7 for HTTP traffic with advanced routing. NLB operates at Layer 4 for extreme performance with static IPs. GWLB transparently inserts network appliances into traffic flow.,2,ELB;load balancing,,,,ALB (Application Load Balancer)|NLB (Network Load Balancer)|Gateway Load Balancer,HTTP microservices with path-based routing|Ultra-low latency TCP/UDP workloads|Third-party firewall and intrusion detection appliances,,,,,,,,
question,Compute & Networking,,Load Balancing & Route 53,,A global application needs to route users to the AWS region that provides them with the lowest latency. Which Route 53 routing policy should be used?,multiple_choice,Simple routing,Weighted routing,Latency-based routing,Geolocation routing,,,c,"Latency-based routing measures the latency between the user and each AWS region and routes to the region with the lowest latency. This is different from Geolocation (which routes based on the user's physical location, not network performance).",2,Route 53;latency-based routing,,,,,,,,,,,,,
callout,Compute & Networking,,Load Balancing & Route 53,"- Need **path-based routing** (/api → service A, /images → service B)? → **ALB**\n- Need **static IP** or **Elastic IP** on the load balancer? → **NLB**\n- Need **ultra-low latency** or **millions of requests/sec**? → **NLB**\n- Need to route to **Lambda functions**? → **ALB** (NLB does not support Lambda targets)\n- Need **WebSocket** support? → **ALB**",,,,,,,,,,,,,,,,,,exam_note,ALB vs NLB Quick Decision,,,,,,
structure,Storage & Databases,"S3 storage classes, EBS/EFS block and file storage, RDS and Aurora relational databases, DynamoDB NoSQL, and caching with ElastiCache.",,,,,,,,,,,,,,,,,,,,,,,,,,,
structure,Storage & Databases,,S3 Storage Classes,,,,,,,,,,,,,,,,,,,,,,,,,,
content,Storage & Databases,,S3 Storage Classes,"## Amazon S3 Storage Classes\n\nS3 offers multiple storage classes optimized for different access patterns and cost requirements:\n\n| Class | Access Pattern | Durability | Min Storage | Retrieval Fee |\n|-------|---------------|------------|-------------|---------------|\n| **S3 Standard** | Frequent access | 99.999999999% (11 9s) | None | None |\n| **S3 Standard-IA** | Infrequent (≥1/month) | 11 9s | 128 KB, 30 days | Per-GB fee |\n| **S3 One Zone-IA** | Infrequent, re-creatable | 11 9s (1 AZ) | 128 KB, 30 days | Per-GB fee |\n| **S3 Glacier Instant** | Quarterly access, instant retrieval | 11 9s | 128 KB, 90 days | Per-GB fee |\n| **S3 Glacier Flexible** | Yearly access, minutes-hours retrieval | 11 9s | 40 KB, 90 days | Per-GB + per-request |\n| **S3 Glacier Deep Archive** | Rarely accessed, 12-48h retrieval | 11 9s | 40 KB, 180 days | Lowest cost |\n| **S3 Intelligent-Tiering** | Unknown/changing patterns | 11 9s | None | Monitoring fee |\n\n**S3 Intelligent-Tiering** automatically moves objects between tiers based on access patterns — no retrieval fees. Ideal when you don't know the access pattern.\n\n**Lifecycle policies** automatically transition objects between classes based on age (e.g., move to Standard-IA after 30 days, Glacier after 90 days, delete after 365 days).",,,,,,,,,,,,,,,,,,,,,,,,,
question,Storage & Databases,,S3 Storage Classes,,Order these S3 storage classes from MOST EXPENSIVE to LEAST EXPENSIVE for storage costs:,ordering,S3 Standard,S3 Standard-IA,S3 Glacier Flexible Retrieval,S3 Glacier Deep Archive,,,,"Storage cost decreases as access frequency decreases: Standard (most frequent access, highest storage cost) → Standard-IA → Glacier Flexible → Deep Archive (least frequent, lowest storage cost). The trade-off is retrieval time and cost increase as storage cost decreases.",2,S3;storage classes,,,"a,b,c,d",,,,,,,,,,
question,Storage & Databases,,S3 Storage Classes,,Match each S3 storage class to its ideal use case:,matching,,,,,,,,"Standard for hot data, Intelligent-Tiering when patterns are unknown, Deep Archive for regulatory compliance data, and One Zone-IA for re-creatable data (like thumbnails or transcoded media) where multi-AZ durability isn't critical.",2,S3;storage classes,,,,S3 Standard|S3 Intelligent-Tiering|S3 Glacier Deep Archive|S3 One Zone-IA,Frequently accessed data like website assets and active content|Data with unknown or changing access patterns|Long-term compliance archives accessed once or twice a year|Infrequently accessed data that can be re-created if lost,,,,,,,,
question,Storage & Databases,,S3 Storage Classes,,"A company stores application logs in S3 Standard. Logs older than 30 days are rarely accessed, and logs older than 1 year must be deleted. What S3 feature should they use?",multiple_choice,S3 Versioning,S3 Lifecycle Policy,S3 Cross-Region Replication,S3 Object Lock,,,b,"S3 Lifecycle Policies automate transitions and expirations. Configure: transition to Standard-IA at 30 days, optionally to Glacier at 90 days, and expire (delete) at 365 days. Fully automated, no manual intervention needed.",2,S3;lifecycle policies,,,,,,,,,,,,,
callout,Storage & Databases,,S3 Storage Classes,"All S3 classes (except One Zone-IA) provide **11 9s durability** (99.999999999%) — virtually no data loss. **Availability** varies: Standard is 99.99%, Standard-IA is 99.9%. Durability is about data loss; availability is about access downtime. The exam tests this distinction.",,,,,,,,,,,,,,,,,,exam_note,S3 Durability vs Availability,,,,,,
structure,Storage & Databases,,"EBS, EFS, and FSx",,,,,,,,,,,,,,,,,,,,,,,,,,
content,Storage & Databases,,"EBS, EFS, and FSx","## AWS Storage: EBS, EFS, and FSx\n\n### Amazon EBS (Elastic Block Store)\nBlock-level storage volumes for EC2 instances. Think: virtual hard drive.\n\n- Attached to **one EC2 instance** at a time (except io1/io2 Multi-Attach)\n- Persists independently from the instance (unlike instance store)\n- Snapshots to S3 for backup/migration\n- **Volume types:**\n  - **gp3/gp2:** General purpose SSD (boot volumes, dev/test)\n  - **io2/io1:** Provisioned IOPS SSD (databases, high-performance)\n  - **st1:** Throughput-optimized HDD (big data, log processing)\n  - **sc1:** Cold HDD (infrequent access, lowest cost)\n\n### Amazon EFS (Elastic File System)\nManaged NFS file system, mountable by **multiple EC2 instances simultaneously** across AZs.\n- POSIX-compliant, scales automatically\n- Standard and Infrequent Access tiers\n- Best for: shared content, web serving, data analytics, container storage\n\n### Amazon FSx\nManaged third-party file systems:\n- **FSx for Windows:** SMB protocol, Active Directory integration\n- **FSx for Lustre:** High-performance computing (HPC), ML training\n- **FSx for NetApp ONTAP:** Multi-protocol (NFS, SMB, iSCSI)\n- **FSx for OpenZFS:** Linux workloads needing ZFS features",,,,,,,,,,,,,,,,,,,,,,,,,
question,Storage & Databases,,"EBS, EFS, and FSx",,Match each storage service to its distinguishing characteristic:,matching,,,,,,,,EBS is persistent block storage for one instance. EFS is shared NFS storage. FSx for Windows provides native Windows file sharing. Instance Store is physically attached to the host — fast but ephemeral.,2,EBS;EFS;FSx;storage,,,,EBS|EFS|FSx for Windows|Instance Store,Block storage attached to a single EC2 instance|NFS file system shared across multiple EC2 instances|SMB protocol with Active Directory integration|Ephemeral storage that is lost when the instance stops,,,,,,,,
question,Storage & Databases,,"EBS, EFS, and FSx",,Multiple Linux-based EC2 instances across different AZs need to share the same file system simultaneously. Which service should be used?,multiple_choice,Amazon EBS gp3 volume,Amazon EFS,Amazon S3,Instance Store,,,b,"Amazon EFS is a managed NFS file system that can be mounted by multiple EC2 instances across AZs simultaneously. EBS volumes attach to one instance (usually). S3 is object storage, not a mountable file system. Instance Store is ephemeral and local.",2,EFS;shared storage,,,,,,,,,,,,,
question,Storage & Databases,,"EBS, EFS, and FSx",,"EBS snapshots are stored in Amazon S3, but you cannot directly access them as S3 objects.",true_false,True,False,,,,,a,"True. EBS snapshots are stored in S3 behind the scenes, but they appear only in the EC2 console/API — you cannot see or access them directly through the S3 console or API. They are managed entirely through the EBS snapshot interface.",2,EBS;snapshots,,,,,,,,,,,,,
structure,Storage & Databases,,RDS & Aurora,,,,,,,,,,,,,,,,,,,,,,,,,,
content,Storage & Databases,,RDS & Aurora,"## Amazon RDS & Aurora\n\n### Amazon RDS (Relational Database Service)\nManaged relational database supporting: MySQL, PostgreSQL, MariaDB, Oracle, SQL Server.\n\n**Key features:**\n- Automated backups (up to 35 days retention)\n- Multi-AZ for HA (synchronous standby, automatic failover)\n- Read Replicas for read scaling (asynchronous, up to 15 replicas)\n- Automatic patching and maintenance windows\n- Encryption at rest (KMS) and in transit (SSL/TLS)\n\n### Amazon Aurora\nAWS's cloud-native relational database, **compatible with MySQL and PostgreSQL** but with significant improvements:\n\n- **Performance:** Up to 5x faster than MySQL, 3x faster than PostgreSQL\n- **Storage:** Auto-scales up to 128 TB, replicated 6 ways across 3 AZs\n- **Replicas:** Up to 15 Aurora Replicas with sub-10ms replica lag\n- **Aurora Serverless:** Auto-scales compute capacity based on demand (scales to zero for v2)\n- **Aurora Global Database:** Cross-region replication with <1 second lag\n- **Backtrack:** Rewind the database to a specific point in time without restoring from backup\n\n**Aurora is the default recommendation** for relational workloads on AWS unless you need a specific engine version or feature only available in standard RDS.",,,,,,,,,,,,,,,,,,,,,,,,,
embed,Storage & Databases,,RDS & Aurora,,,,,,,,,,,,,,,,,,,,,diagram,,,,"graph TD\n  subgraph ""Aurora Cluster""\n    W[""Writer Instance""] --> S1[""Shared Storage<br>6 copies across 3 AZs""]\n    R1[""Reader 1""] --> S1\n    R2[""Reader 2""] --> S1\n    R3[""Reader 3""] --> S1\n  end\n  App[""Application""] -->|""Writes""| W\n  App -->|""Reads""| EP[""Reader Endpoint""]\n  EP --> R1\n  EP --> R2\n  EP --> R3",
callout,Storage & Databases,,RDS & Aurora,- **Need MySQL/PostgreSQL compatible with better performance?** → Aurora\n- **Need to scale to zero during idle periods?** → Aurora Serverless v2\n- **Need global cross-region database?** → Aurora Global Database\n- **Need Oracle or SQL Server?** → Standard RDS (Aurora doesn't support these)\n- **Need the cheapest option for a small database?** → RDS (Aurora has higher minimum cost),,,,,,,,,,,,,,,,,,exam_note,Aurora vs RDS Decision,,,,,,
question,Storage & Databases,,RDS & Aurora,,"A company needs a MySQL-compatible database with automatic failover, sub-10ms read replica lag, and storage that auto-scales to 128 TB. Which service best meets these requirements?",multiple_choice,Amazon RDS MySQL with Multi-AZ,Amazon Aurora MySQL,Amazon DynamoDB,MySQL on EC2 with EBS volumes,,,b,"Aurora MySQL provides MySQL compatibility, automatic failover, up to 15 replicas with sub-10ms lag, and auto-scaling storage up to 128 TB. Standard RDS MySQL has higher replica lag and doesn't auto-scale storage the same way.",2,Aurora;RDS,,,,,,,,,,,,,
question,Storage & Databases,,RDS & Aurora,,Select ALL correct statements about RDS Multi-AZ deployments:,multiple_select,The standby replica uses synchronous replication,The standby can be used for read queries to offload the primary,Failover is automatic and typically takes 60-120 seconds,Multi-AZ deployment spans multiple AWS regions,,,"a,c",Multi-AZ uses synchronous replication (a) and provides automatic failover in 60-120 seconds (c). The standby is NOT readable (b) — use Read Replicas for that. Multi-AZ is within a single region (d) — use Aurora Global Database for multi-region.,3,RDS;Multi-AZ,,,,,,,,,,,,,
structure,Storage & Databases,,DynamoDB & ElastiCache,,,,,,,,,,,,,,,,,,,,,,,,,,
content,Storage & Databases,,DynamoDB & ElastiCache,"## Amazon DynamoDB\n\nFully managed **NoSQL key-value and document database** with single-digit millisecond performance at any scale.\n\n**Key concepts:**\n- **Table → Items → Attributes** (similar to table → rows → columns)\n- **Primary key:** Partition key alone, or partition key + sort key (composite)\n- **Capacity modes:** On-demand (pay per request) or Provisioned (specify RCU/WCU)\n- **DynamoDB Accelerator (DAX):** In-memory cache for DynamoDB, microsecond read latency\n- **Global Tables:** Multi-region, fully replicated tables for global applications\n- **DynamoDB Streams:** Capture item-level changes for event-driven processing\n- **TTL (Time to Live):** Automatically delete expired items at no cost\n\n**When to choose DynamoDB:**\n- Key-value lookups at massive scale\n- Predictable, single-digit ms latency\n- Serverless architecture (pairs naturally with Lambda)\n- Session storage, gaming leaderboards, IoT data\n\n## Amazon ElastiCache\n\nManaged in-memory caching service:\n- **ElastiCache for Redis:** Rich data structures, pub/sub, persistence, replication\n- **ElastiCache for Memcached:** Simple key-value, multi-threaded, no persistence\n\n**Common caching patterns:** Database query caching, session storage, real-time leaderboards, rate limiting.",,,,,,,,,,,,,,,,,,,,,,,,,
question,Storage & Databases,,DynamoDB & ElastiCache,,Match each service to its primary use case:,matching,,,,,,,,DynamoDB is the primary NoSQL database. DAX is an add-on cache that sits in front of DynamoDB for microsecond reads. Redis offers feature-rich caching. Memcached is simpler but multi-threaded for pure caching use cases.,2,DynamoDB;ElastiCache,,,,DynamoDB|DAX|ElastiCache for Redis|ElastiCache for Memcached,Serverless NoSQL with single-digit ms latency at any scale|Microsecond read cache specifically for DynamoDB|In-memory cache with rich data structures and persistence|Simple multi-threaded caching without persistence,,,,,,,,
question,Storage & Databases,,DynamoDB & ElastiCache,,"A gaming application needs a global leaderboard with real-time scores, sub-millisecond read latency, and sorted ranking. Which combination of services is most appropriate?",multiple_choice,DynamoDB Global Tables + DAX,ElastiCache for Redis with sorted sets,RDS Aurora with read replicas,S3 with CloudFront caching,,,b,Redis sorted sets are purpose-built for leaderboards: they maintain elements sorted by score with O(log n) insert and O(log n) range queries. This provides sub-millisecond latency for real-time ranking operations.,3,ElastiCache;Redis;gaming,,,,,,,,,,,,,
question,Storage & Databases,,DynamoDB & ElastiCache,,DynamoDB Global Tables provide multi-region replication with an active-active configuration.,true_false,True,False,,,,,a,"True. DynamoDB Global Tables replicate data across multiple AWS regions with active-active access — you can read and write to the table in any region. Changes are replicated to all regions, typically within a second.",2,DynamoDB;Global Tables,,,,,,,,,,,,,
structure,Security & Identity,"IAM policies and roles, encryption with KMS and CloudHSM, and AWS security services for threat detection and compliance.",,,,,,,,,,,,,,,,,,,,,,,,,,,
structure,Security & Identity,,IAM Deep Dive,,,,,,,,,,,,,,,,,,,,,,,,,,
content,Security & Identity,,IAM Deep Dive,"## AWS Identity and Access Management (IAM)\n\nIAM controls **who** (authentication) can do **what** (authorization) on **which** AWS resources.\n\n### Key Components\n\n**Users:** Individual identities with long-term credentials. Best practice: one user per person.\n\n**Groups:** Collections of users. Assign policies to groups, not individual users.\n\n**Roles:** Temporary credentials for AWS services, applications, or cross-account access. No permanent passwords — uses temporary security tokens via STS.\n\n**Policies:** JSON documents defining permissions. Types:\n- **Identity-based:** Attached to users, groups, or roles\n- **Resource-based:** Attached to resources (S3 bucket policies, SQS queue policies)\n- **Service Control Policies (SCPs):** Organization-wide guardrails (AWS Organizations)\n\n### Policy Evaluation Logic\n1. By default, all requests are **denied** (implicit deny)\n2. An explicit **allow** overrides the implicit deny\n3. An explicit **deny** always overrides any allow\n4. SCPs, permission boundaries, and session policies can further restrict\n\n**Best practices:**\n- Use roles for EC2 instances (never embed access keys)\n- Enable MFA for privileged accounts\n- Follow least privilege: grant only the permissions needed\n- Use IAM Access Analyzer to identify unused permissions",,,,,,,,,,,,,,,,,,,,,,,,,
embed,Security & Identity,,IAM Deep Dive,,,,,,,,,,,,,,,,,,,,,diagram,,,,"graph TD\n  ROOT[""AWS Account Root""] --> OU[""AWS Organizations""]\n  OU --> SCP[""Service Control Policies""]\n  SCP --> U[""IAM Users""]\n  SCP --> G[""IAM Groups""]\n  SCP --> R[""IAM Roles""]\n  G -->|""contains""| U\n  P[""IAM Policies""] -->|""attached to""| U\n  P -->|""attached to""| G\n  P -->|""attached to""| R\n  R -->|""assumed by""| EC2[""EC2 Instance""]\n  R -->|""assumed by""| Lambda[""Lambda Function""]",
question,Security & Identity,,IAM Deep Dive,,Put the IAM policy evaluation steps in the correct order:,ordering,All requests start as implicitly denied,"Check for explicit deny — if found, request is denied (final)","Check for explicit allow — if found, request is allowed","If no explicit allow is found, request remains denied",,,,"IAM starts with implicit deny (a). Explicit denies are checked first and always win (b). If no explicit deny, explicit allows are checked (c). If no explicit allow is found, the implicit deny stands (d). Remember: deny always wins.",3,IAM;policy evaluation,,,"a,b,c,d",,,,,,,,,,
question,Security & Identity,,IAM Deep Dive,,An EC2 instance needs to read objects from an S3 bucket. What is the most secure way to grant this access?,multiple_choice,Store AWS access keys in the application code on the instance,Attach an IAM role with S3 read permissions to the EC2 instance,Make the S3 bucket public,Store access keys in an environment variable on the instance,,,b,IAM roles provide temporary credentials that are automatically rotated. No need to manage or embed long-term access keys. The EC2 instance assumes the role and gets temporary credentials via the instance metadata service.,2,IAM;roles;EC2,,,,,,,,,,,,,
callout,Security & Identity,,IAM Deep Dive,"- **""EC2 needs access to S3/DynamoDB/etc.""** → IAM Role attached to EC2\n- **""Cross-account access""** → IAM Role with trust policy\n- **""Temporary credentials""** → STS AssumeRole\n- **""Organization-wide restrictions""** → Service Control Policies (SCPs)\n- **""Limit permissions for a specific session""** → Permission Boundaries",,,,,,,,,,,,,,,,,,exam_note,IAM Exam Patterns,,,,,,
structure,Security & Identity,,Encryption: KMS & CloudHSM,,,,,,,,,,,,,,,,,,,,,,,,,,
content,Security & Identity,,Encryption: KMS & CloudHSM,"## AWS Encryption Services\n\n### AWS KMS (Key Management Service)\nManaged service for creating and controlling encryption keys.\n\n**Key types:**\n- **AWS managed keys:** Created and managed by AWS for specific services (e.g., `aws/s3`, `aws/ebs`)\n- **Customer managed keys (CMK):** You create, manage, and control rotation\n- **Customer provided keys:** You generate keys outside AWS and import them\n\n**Key features:**\n- Automatic key rotation (annual for customer managed keys)\n- Audit key usage via CloudTrail\n- Integrated with 100+ AWS services\n- Regional service — keys don't leave the region they're created in\n\n### Envelope Encryption\nFor data >4 KB, KMS uses **envelope encryption:**\n1. KMS generates a **Data Encryption Key (DEK)**\n2. DEK encrypts the data locally\n3. KMS encrypts the DEK with the master key\n4. Store the encrypted DEK alongside the encrypted data\n\n### AWS CloudHSM\nDedicated **hardware security modules** (HSMs) in the AWS cloud.\n- You manage the keys (AWS manages the hardware)\n- FIPS 140-2 Level 3 validated\n- Supports asymmetric keys (KMS is primarily symmetric)\n- Required for: regulatory requirements mandating dedicated HSMs, specific cryptographic operations",,,,,,,,,,,,,,,,,,,,,,,,,
callout,Security & Identity,,Encryption: KMS & CloudHSM,- **Need managed encryption with AWS service integration?** → KMS\n- **Need FIPS 140-2 Level 3?** → CloudHSM\n- **Need full control over key lifecycle?** → CloudHSM\n- **Need asymmetric encryption (RSA)?** → CloudHSM (or KMS asymmetric keys)\n- **Default choice for encryption at rest?** → KMS,,,,,,,,,,,,,,,,,,exam_note,KMS vs CloudHSM Decision,,,,,,
question,Security & Identity,,Encryption: KMS & CloudHSM,,"In envelope encryption, what encrypts the actual data?",fill_blank,,,,,,,,"In envelope encryption, the Data Encryption Key (DEK) encrypts the actual data. The DEK itself is then encrypted by the KMS master key. This two-tier approach allows encrypting large data without sending it to KMS (only the DEK is sent).",3,KMS;envelope encryption,Data Encryption Key|DEK|data encryption key|data key|the DEK,contains,,,,,,,,,,,
question,Security & Identity,,Encryption: KMS & CloudHSM,,A company requires FIPS 140-2 Level 3 validated encryption for regulatory compliance. Which AWS service meets this requirement?,multiple_choice,AWS KMS,AWS CloudHSM,AWS Certificate Manager,AWS Secrets Manager,,,b,"AWS CloudHSM provides dedicated HSMs validated at FIPS 140-2 Level 3. KMS is FIPS 140-2 Level 2 validated. When regulations specifically require Level 3, CloudHSM is the answer.",3,CloudHSM;FIPS;compliance,,,,,,,,,,,,,
structure,Security & Identity,,Security Services,,,,,,,,,,,,,,,,,,,,,,,,,,
content,Security & Identity,,Security Services,"## AWS Security Services\n\n### Threat Detection\n- **Amazon GuardDuty:** Intelligent threat detection using ML. Analyzes CloudTrail, VPC Flow Logs, and DNS logs. Detects: compromised instances, reconnaissance, credential compromise.\n- **Amazon Inspector:** Automated vulnerability assessment for EC2 instances, ECR container images, and Lambda functions.\n- **Amazon Macie:** Discovers and protects sensitive data (PII, credit card numbers) in S3 using ML.\n\n### Protection\n- **AWS WAF (Web Application Firewall):** Protects against common web exploits (SQL injection, XSS). Applied to ALB, API Gateway, or CloudFront.\n- **AWS Shield:** DDoS protection. Shield Standard is free (automatic). Shield Advanced provides enhanced detection, 24/7 DRT, and cost protection.\n- **AWS Firewall Manager:** Centrally manage WAF rules, Shield, and Security Groups across accounts.\n\n### Compliance & Auditing\n- **AWS CloudTrail:** Logs all API calls across AWS account. Essential for auditing and compliance.\n- **AWS Config:** Tracks resource configuration changes and evaluates compliance against rules.\n- **AWS Audit Manager:** Automates evidence collection for audits.\n\n### Secrets Management\n- **AWS Secrets Manager:** Store, rotate, and manage database credentials, API keys, and other secrets. Supports automatic rotation via Lambda.\n- **AWS Systems Manager Parameter Store:** Simpler key-value store for configuration and secrets (free tier available).",,,,,,,,,,,,,,,,,,,,,,,,,
question,Security & Identity,,Security Services,,Match each AWS security service to the threat it addresses:,matching,,,,,,,,GuardDuty uses ML to detect account compromise and unusual activity. WAF filters malicious web requests. Shield provides DDoS protection. Macie discovers sensitive data in S3.,2,security services,,,,GuardDuty|WAF|Shield|Macie,Compromised EC2 instances and unusual API activity|SQL injection and cross-site scripting attacks|DDoS attacks on infrastructure and applications|Sensitive data (PII) exposed in S3 buckets,,,,,,,,
question,Security & Identity,,Security Services,,A company needs to protect their public-facing web application against SQL injection and cross-site scripting attacks. Which services should they use? (Select TWO),multiple_select,AWS WAF on the Application Load Balancer,Amazon GuardDuty,AWS Shield Standard,Amazon CloudFront with AWS WAF,,,"a,d","AWS WAF can be deployed on either ALB (a) or CloudFront (d) to inspect and filter HTTP requests for SQL injection and XSS patterns. CloudFront + WAF also provides edge-level protection. GuardDuty detects threats but doesn't block web attacks. Shield protects against DDoS, not SQL injection.",3,WAF;web security,,,,,,,,,,,,,
question,Security & Identity,,Security Services,,Which AWS service provides a complete log of all API calls made in your AWS account for auditing purposes?,multiple_choice,Amazon CloudWatch,AWS CloudTrail,AWS Config,AWS X-Ray,,,b,"CloudTrail records all API calls (who, what, when, from where) across your AWS account. It's the primary service for API auditing and compliance. CloudWatch monitors metrics and logs. Config tracks resource configurations. X-Ray traces application requests.",1,CloudTrail;auditing,,,,,,,,,,,,,
structure,Monitoring & Cost Optimization,"CloudWatch monitoring, infrastructure as code, and strategies for managing and reducing AWS costs.",,,,,,,,,,,,,,,,,,,,,,,,,,,
structure,Monitoring & Cost Optimization,,CloudWatch & CloudTrail,,,,,,,,,,,,,,,,,,,,,,,,,,
content,Monitoring & Cost Optimization,,CloudWatch & CloudTrail,"## Monitoring with CloudWatch & CloudTrail\n\n### Amazon CloudWatch\nCollects and visualizes **metrics, logs, and events** from AWS resources.\n\n**Metrics:** CPU utilization, network I/O, disk reads, custom metrics from applications.\n- Default: 5-minute intervals (free)\n- Detailed monitoring: 1-minute intervals (extra cost)\n- Custom metrics: push your own data via API\n\n**Alarms:** Trigger actions based on metric thresholds:\n- Auto Scaling actions (scale up/down)\n- SNS notifications (email, SMS)\n- EC2 actions (stop, terminate, reboot)\n\n**Logs:** Centralized log management:\n- Collect logs from EC2, Lambda, API Gateway, Route 53, etc.\n- Log Insights for interactive querying\n- Metric filters to create custom metrics from log data\n\n### CloudTrail vs CloudWatch\n\n| | CloudTrail | CloudWatch |\n|-|-----------|------------|\n| **What** | API call history | Metrics, logs, alarms |\n| **Purpose** | Auditing & compliance | Monitoring & operations |\n| **Question** | ""Who did what?"" | ""How is it performing?"" |",,,,,,,,,,,,,,,,,,,,,,,,,
question,Monitoring & Cost Optimization,,CloudWatch & CloudTrail,,Match each monitoring scenario to the correct AWS service:,matching,,,,,,,,CloudWatch Alarms monitor metrics and trigger actions. CloudTrail records who performed what API action. CloudWatch Logs Insights enables interactive log analysis.,2,CloudWatch;CloudTrail,,,,Alert when CPU exceeds 80%|Determine who deleted an S3 bucket|Search application logs for error patterns,CloudWatch Alarm|CloudTrail|CloudWatch Logs Insights,,,,,,,,
question,Monitoring & Cost Optimization,,CloudWatch & CloudTrail,,An EC2 instance's CPU usage spikes to 95%. Which service would you use to automatically add more instances to handle the load?,multiple_choice,CloudWatch Alarm → Auto Scaling Group scale-out policy,CloudTrail → Lambda function to launch instances,AWS Config → Auto remediation,GuardDuty → Automated response,,,a,A CloudWatch Alarm monitors the CPU metric and triggers an Auto Scaling Group scale-out policy when the threshold is breached. This is the standard pattern for dynamic scaling in AWS.,2,CloudWatch;Auto Scaling,,,,,,,,,,,,,
structure,Monitoring & Cost Optimization,,Infrastructure as Code,,,,,,,,,,,,,,,,,,,,,,,,,,
content,Monitoring & Cost Optimization,,Infrastructure as Code,"## Infrastructure as Code (IaC)\n\nDefine and provision infrastructure through code rather than manual console clicks. Benefits: version control, repeatability, consistency, automation.\n\n### AWS CloudFormation\nAWS's native IaC service. Define infrastructure in **JSON or YAML templates.**\n\n**Key concepts:**\n- **Template:** Declares AWS resources (EC2, S3, VPC, etc.) and their configurations\n- **Stack:** A collection of AWS resources managed as a single unit from a template\n- **Change Sets:** Preview changes before applying them to a stack\n- **Drift Detection:** Identify resources that have been modified outside CloudFormation\n- **StackSets:** Deploy stacks across multiple accounts and regions\n\n### AWS CDK (Cloud Development Kit)\nDefine infrastructure using familiar programming languages (TypeScript, Python, Java, etc.) that compile down to CloudFormation templates.\n\n### Terraform\nThird-party IaC tool (by HashiCorp) that works with AWS and other cloud providers. Uses HCL (HashiCorp Configuration Language). Popular for multi-cloud environments.\n\n### AWS Elastic Beanstalk\nPaaS that automatically provisions infrastructure (EC2, ALB, ASG, RDS) from your application code. Not pure IaC, but automates infrastructure deployment.",,,,,,,,,,,,,,,,,,,,,,,,,
question,Monitoring & Cost Optimization,,Infrastructure as Code,,A company needs to deploy identical infrastructure across 5 AWS accounts in 3 regions. Which CloudFormation feature enables this?,multiple_choice,CloudFormation Stacks,CloudFormation StackSets,CloudFormation Change Sets,CloudFormation Drift Detection,,,b,StackSets extend CloudFormation stacks across multiple accounts and regions with a single operation. You define the template once and deploy it across 5 accounts × 3 regions = 15 stack instances.,2,CloudFormation;StackSets,,,,,,,,,,,,,
question,Monitoring & Cost Optimization,,Infrastructure as Code,,"Infrastructure as Code should be stored in version control (e.g., Git) to track changes over time.",true_false,True,False,,,,,a,"True. One of the primary benefits of IaC is that templates can be version-controlled, code-reviewed, and audited just like application code. This provides a history of infrastructure changes and enables rollback.",1,IaC;best practices,,,,,,,,,,,,,
structure,Monitoring & Cost Optimization,,Cost Management,,,,,,,,,,,,,,,,,,,,,,,,,,
content,Monitoring & Cost Optimization,,Cost Management,"## AWS Cost Optimization\n\n### Key Strategies\n\n1. **Right-sizing:** Match instance types to actual workload needs. Use AWS Compute Optimizer for recommendations.\n\n2. **Reserved capacity:** Reserved Instances or Savings Plans for steady-state workloads (up to 72% savings).\n\n3. **Spot Instances:** For fault-tolerant batch processing (up to 90% savings).\n\n4. **Auto Scaling:** Scale down during low-demand periods — don't pay for idle resources.\n\n5. **Storage tiering:** Use S3 lifecycle policies to move data to cheaper tiers. Delete unused EBS snapshots and volumes.\n\n6. **Serverless:** Lambda, Fargate, DynamoDB on-demand — pay only for what you use.\n\n### AWS Cost Management Tools\n\n- **AWS Cost Explorer:** Visualize and analyze spending patterns over time\n- **AWS Budgets:** Set custom budgets and receive alerts when thresholds are exceeded\n- **AWS Cost and Usage Report (CUR):** Most detailed billing data (for BI tools)\n- **AWS Trusted Advisor:** Checks for cost optimization opportunities (idle resources, underutilized instances)\n- **AWS Compute Optimizer:** ML-based right-sizing recommendations for EC2, Lambda, EBS\n- **AWS Organizations consolidated billing:** Volume discounts across accounts",,,,,,,,,,,,,,,,,,,,,,,,,
question,Monitoring & Cost Optimization,,Cost Management,,Order these cost optimization actions from highest typical savings to lowest:,ordering,Use Spot Instances for batch workloads (up to 90% savings),Purchase Reserved Instances for steady-state (up to 72% savings),Move infrequently accessed S3 data to Glacier (varies),Delete unused EBS snapshots and volumes,,,,Spot offers the highest percentage savings (up to 90%). Reserved capacity provides substantial savings (up to 72%). Storage tiering reduces storage costs incrementally. Deleting unused resources eliminates waste but typically smaller absolute amounts.,2,cost optimization,,,"a,b,c,d",,,,,,,,,,
question,Monitoring & Cost Optimization,,Cost Management,,Match each AWS cost tool to its primary function:,matching,,,,,,,,Cost Explorer shows where you've spent money. Budgets alert you before you overspend. Compute Optimizer suggests better instance types. Trusted Advisor provides broad best-practice checks across multiple categories.,2,cost management;AWS tools,,,,Cost Explorer|AWS Budgets|Compute Optimizer|Trusted Advisor,"Visualize and analyze historical spending patterns|Set spending thresholds and receive alerts|ML-based right-sizing recommendations for EC2 and Lambda|Broad checks for cost, security, performance, and fault tolerance",,,,,,,,
question,Monitoring & Cost Optimization,,Cost Management,,A company is running an EC2 instance at 5% average CPU utilization 24/7. What is the most impactful cost optimization?,multiple_choice,Purchase a Reserved Instance for the current instance type,"Right-size to a smaller instance type, then consider Reserved pricing",Convert to Spot Instance,Enable detailed CloudWatch monitoring,,,b,"At 5% CPU, the instance is massively over-provisioned. Right-sizing first (e.g., from m5.xlarge to m5.small or t3.small) reduces the base cost. Then apply Reserved pricing for additional savings. Buying a Reserved Instance for the wrong size locks you into waste.",3,cost optimization;right-sizing,,,,,,,,,,,,,
watch,Compute & Networking,,VPC Deep Dive,,,,,,,,,,,,,,,,,,,,,,,,,,https://www.youtube.com/watch?v=bGDMeD6kOz0
embed,Storage & Databases,,S3 Storage Classes,,,,,,,,,,,,,,,,,,,,,image,https://images.unsplash.com/photo-1558494949-ef010cbdcc31?w=800,Cloud storage infrastructure - S3 provides virtually unlimited object storage across multiple storage classes,Server racks in a modern data center with blue lighting,,
callout,Security & Identity,,IAM Deep Dive,"**The root account has unrestricted access to all AWS resources.** Never use root credentials for daily tasks. Instead:\n\n- Enable MFA on the root account immediately\n- Create an IAM admin user for day-to-day work\n- Store root credentials in a secure vault\n- Only use root for tasks that specifically require it (e.g., changing account settings, closing the account)",,,,,,,,,,,,,,,,,,warning,Never Use Root Credentials,,,,,,
embed,Compute & Networking,,Lambda & Serverless,,,,,,,,,,,,,,,,,,,,,diagram,,,,sequenceDiagram\n  participant Client\n  participant API as API Gateway\n  participant Lambda\n  participant DB as DynamoDB\n  Client->>API: HTTP Request\n  API->>Lambda: Invoke function\n  Lambda->>DB: Query data\n  DB-->>Lambda: Return results\n  Lambda-->>API: Response payload\n  API-->>Client: HTTP Response\n  Note over Lambda: Cold start on first invocation\n  Note over Lambda: Warm for subsequent calls,
embed,Cloud Architecture & Design,,Disaster Recovery Strategies,,,,,,,,,,,,,,,,,,,,,diagram,,,,stateDiagram-v2\n  [*] --> Normal: All systems healthy\n  Normal --> Degraded: Component failure detected\n  Degraded --> Failover: Threshold exceeded\n  Failover --> DR_Active: Failover complete\n  DR_Active --> Recovery: Primary restored\n  Recovery --> Normal: Failback complete\n  Degraded --> Normal: Self-healed\n  note right of Failover: RTO clock starts here\n  note right of DR_Active: RPO determines data loss,
